<?xml version='1.0'?>
<home version='6500' exportFlags='17' name='Home_Plan.sh3d' camera='observerCamera' selectedLevel='level-1abecf1e-dade-4aba-83ef-c2a72396b0be' wallHeight='243.84'>
  <environment groundColor='00A8A8A8' skyColor='00CCE4FC' lightColor='00FFFFFF'/>
  <observerCamera attribute='observerCamera' lens='PINHOLE' x='260.77988' y='-389.96066' z='172.72' yaw='103.984764' pitch='0.0' fieldOfView='1.5707964' time='1527508800000' fixedSize='true'/>
  <camera attribute='topCamera' lens='PINHOLE' x='75.21274' y='-543.8829' z='778.2093' yaw='-1.1108084' pitch='1.0907968' fieldOfView='1.0995575' time='1527508800000'/>
  <observerCamera attribute='storedCamera' id='observerCamera-785c6740-06d9-49b0-8ff0-6717a23f4bd2' name='Bath' lens='PINHOLE' x='277.20264' y='-538.53424' z='195.58' yaw='104.15202' pitch='-0.09920359' fieldOfView='1.5707964' time='1527508800000' fixedSize='true'/>
  <observerCamera attribute='storedCamera' id='observerCamera-ebe387d6-44d6-4bd0-a3b6-88a1d4b1757e' name='K from LR' lens='PINHOLE' x='530.49744' y='-206.80597' z='195.58' yaw='109.99611' pitch='0.37079638' fieldOfView='1.5707964' time='1527508800000' fixedSize='true'/>
  <observerCamera attribute='storedCamera' id='observerCamera-f883bfdc-60b5-40bc-b15e-843dc00ea552' name='K from Stove' lens='PINHOLE' x='501.78522' y='-567.7111' z='195.58' yaw='105.17894' pitch='0.37079638' fieldOfView='1.5707964' time='1527508800000' fixedSize='true'/>
  <observerCamera attribute='storedCamera' id='observerCamera-3107861b-3a9b-4d50-b4f8-b03532bedead' name='K from Window' lens='PINHOLE' x='807.26227' y='-571.40594' z='195.58' yaw='102.08967' pitch='0.37079638' fieldOfView='1.5707964' time='1527508800000' fixedSize='true'/>
  <observerCamera attribute='storedCamera' id='observerCamera-bbc4457c-5733-4342-8c90-dfeefbbceb74' name='K from K' lens='PINHOLE' x='768.2652' y='-570.93427' z='195.58' yaw='102.06467' pitch='-0.09920359' fieldOfView='1.5707964' time='1527508800000' fixedSize='true'/>
  <observerCamera attribute='storedCamera' id='observerCamera-5031e397-2643-4b6e-aba6-754bece8e56b' name='BR2' lens='PINHOLE' x='56.477615' y='-417.03424' z='195.58' yaw='104.15202' pitch='-0.09920359' fieldOfView='1.5707964' time='1527508800000' fixedSize='true'/>
  <level id='level0' name='Level 0' elevation='0.0' floorThickness='12.0' height='213.36' elevationIndex='0'/>
  <level id='level2' name='BR#1 1' elevation='0.0' floorThickness='12.0' height='213.36' elevationIndex='1'/>
  <level id='level3' name='BR#2 1' elevation='0.0' floorThickness='12.0' height='213.36' elevationIndex='2'/>
  <level id='level4' name='Kitchen 1' elevation='0.0' floorThickness='12.0' height='213.36' elevationIndex='3'/>
  <level id='level5' name='Kitchen 2' elevation='0.0' floorThickness='12.0' height='213.36' elevationIndex='4'/>
  <level id='level6' name='Bath' elevation='0.0' floorThickness='12.0' height='213.36' elevationIndex='5'/>
  <level id='level7' name='Living Room' elevation='0.0' floorThickness='12.0' height='213.36' elevationIndex='6'/>
  <level id='level-1abecf1e-dade-4aba-83ef-c2a72396b0be' name='Bath Alt 1' elevation='0.0' floorThickness='12.0' height='213.36' elevationIndex='7'/>
  <level id='level-2c30390b-f837-4079-87c8-76a921b802d8' name='Bath Alt 2' elevation='0.0' floorThickness='12.0' height='213.36' elevationIndex='8' visible='false' viewable='false'/>
  <level id='level-8f1a5178-82e6-409d-9a8b-8dc65f33e822' name='Bath Alt 3' elevation='0.0' floorThickness='12.0' height='213.36' elevationIndex='9' visible='false' viewable='false'/>
  <level id='level-57fcfcf9-3611-4372-8a1d-a6c757f07ad2' name='Bath Alt 4' elevation='0.0' floorThickness='12.0' height='213.36' elevationIndex='10' visible='false' viewable='false'/>
  <level id='level1' name='Electrical' elevation='0.0' floorThickness='12.0' height='213.36' elevationIndex='11' visible='false'/>
  <level id='level8' name='Attic' elevation='216.53497' floorThickness='17.145' height='213.36' elevationIndex='0' visible='false'/>
  <doorOrWindow level='level0' catalogId='PeterSmolik#door1' name='Door-Front' creator='Peter Smolik' model='1/door1.obj' x='705.6595' y='-341.99887' angle='1.5707964' width='104.14' depth='17.364824' height='201.93' shininess='0.0' modelRotation='-1 0 0 0 1 0 0 0 -1' modelSize='1857741' movable='false' cutOutShape='M0,0 v1 h1 v-1 z' wallCutOutOnBothSides='true'/>
  <doorOrWindow level='level0' catalogId='PeterSmolik#door1' name='Door-Back' creator='Peter Smolik' model='1/door1.obj' x='-3.8871994' y='-446.8874' angle='4.712389' width='104.14' depth='12.7' height='201.93' modelRotation='-1 0 0 0 1 0 0 0 -1' modelSize='1857741' movable='false' cutOutShape='M0,0 v1 h1 v-1 z' wallCutOutOnBothSides='true'/>
  <doorOrWindow level='level0' catalogId='Scopia#door' name='Door-BR#1' creator='Scopia' model='3/door.obj' x='274.98334' y='-312.3764' width='67.08394' depth='17.780748' height='213.35999' modelSize='146530' movable='false' cutOutShape='M0,0 v1 h1 v-1 z' wallCutOutOnBothSides='true'>
    <material name='white-door'>
      <texture name='Frosted glass' creator='Scopia' catalogId='eTeksScopia#wall-frosted-glass' width='60.0' height='60.0' image='4'/>
    </material>
  </doorOrWindow>
  <doorOrWindow level='level0' catalogId='eTeks#sliderWindow126x200' name='Slider window' creator='eTeks' model='6' x='-5.381626' y='-565.46747' elevation='111.76' angle='4.712389' width='129.54' depth='13.549109' height='71.119995' modelSize='7637' movable='false' cutOutShape='M0,0 v1 h1 v-1 z' wallCutOutOnBothSides='true'>
    <material name='flltgrey'/>
    <material name='white'>
      <texture name='Old wood' creator='Emmanuel Puybaret' catalogId='Puybaret#oldWood' width='40.0' height='80.0' image='7'/>
    </material>
  </doorOrWindow>
  <doorOrWindow level='level0' catalogId='eTeks#sliderWindow126x200' name='Slider window' creator='eTeks' model='6' x='139.303' y='-714.3995' elevation='111.76' angle='3.1415927' width='129.54' depth='13.549109' height='71.119995' modelSize='7637' movable='false' cutOutShape='M0,0 v1 h1 v-1 z' wallCutOutOnBothSides='true'/>
  <doorOrWindow level='level0' catalogId='eTeks#sliderWindow126x200' name='Slider window' creator='eTeks' model='6' x='563.245' y='-713.5511' elevation='112.395' width='133.34999' depth='12.7' height='62.864998' modelSize='7637' movable='false' cutOutShape='M0,0 v1 h1 v-1 z' wallCutOutOnBothSides='true'>
    <material name='flltgrey'/>
    <material name='white'>
      <texture name='Old wood' creator='Emmanuel Puybaret' catalogId='Puybaret#oldWood' width='40.0' height='80.0' image='7'/>
    </material>
  </doorOrWindow>
  <doorOrWindow level='level0' catalogId='eTeks#sliderWindow126x200' name='Slider window' creator='eTeks' model='6' x='801.6436' y='-552.45' elevation='90.17' angle='1.5707964' width='124.46' depth='14.605' height='90.17' modelSize='7637' movable='false' cutOutShape='M0,0 v1 h1 v-1 z' wallCutOutOnBothSides='true'>
    <material name='flltgrey'/>
    <material name='white'>
      <texture name='Old wood' creator='Emmanuel Puybaret' catalogId='Puybaret#oldWood' width='40.0' height='80.0' image='7'/>
    </material>
  </doorOrWindow>
  <doorOrWindow level='level0' catalogId='eTeks#sliderWindow126x200' name='Slider window' creator='eTeks' model='6' x='708.11945' y='-161.6075' elevation='59.69' angle='4.712389' width='186.69' depth='14.226528' height='133.34999' modelSize='7637' movable='false' cutOutShape='M0,0 v1 h1 v-1 z' wallCutOutOnBothSides='true'>
    <material name='flltgrey'/>
    <material name='white'>
      <texture name='Old wood' creator='Emmanuel Puybaret' catalogId='Puybaret#oldWood' width='40.0' height='80.0' image='7'/>
    </material>
  </doorOrWindow>
  <doorOrWindow level='level0' catalogId='eTeks#sliderWindow126x200' name='Slider window' creator='eTeks' model='6' x='505.14246' y='8.083759' elevation='76.2' angle='3.1415927' width='154.94' depth='16.51' height='124.46' modelSize='7637' movable='false' cutOutShape='M0,0 v1 h1 v-1 z' wallCutOutOnBothSides='true'>
    <material name='flltgrey'/>
    <material name='white'>
      <texture name='Old wood' creator='Emmanuel Puybaret' catalogId='Puybaret#oldWood' width='40.0' height='80.0' image='7'/>
    </material>
  </doorOrWindow>
  <doorOrWindow level='level0' catalogId='eTeks#sliderWindow126x200' name='Slider window' creator='eTeks' model='6' x='154.6225' y='8.083759' elevation='109.22' angle='3.1415927' width='127.634995' depth='16.51' height='67.31' modelSize='7637' movable='false' cutOutShape='M0,0 v1 h1 v-1 z' wallCutOutOnBothSides='true'>
    <material name='flltgrey'/>
    <material name='white'>
      <texture name='Old wood' creator='Emmanuel Puybaret' catalogId='Puybaret#oldWood' width='40.0' height='80.0' image='7'/>
    </material>
  </doorOrWindow>
  <doorOrWindow level='level0' catalogId='eTeks#sliderWindow126x200' name='Slider window' creator='eTeks' model='6' x='-6.229988' y='-155.89249' elevation='109.22' angle='1.5707964' width='128.905' depth='12.7' height='67.31' modelSize='7637' movable='false' cutOutShape='M0,0 v1 h1 v-1 z' wallCutOutOnBothSides='true'>
    <material name='flltgrey'/>
    <material name='white'>
      <texture name='Old wood' creator='Emmanuel Puybaret' catalogId='Puybaret#oldWood' width='40.0' height='80.0' image='7'/>
    </material>
  </doorOrWindow>
  <doorOrWindow level='level0' catalogId='eTeks#serviceHatch' name='Service hatch' creator='eTeks' model='9' x='37.746605' y='-389.02365' angle='3.1415927' width='58.42' depth='3.81075' height='185.42' modelSize='2316' movable='false' cutOutShape='M0,0 v1 h1 v-1 z'/>
  <doorOrWindow level='level0' catalogId='eTeks#serviceHatch' name='Service hatch' creator='eTeks' model='9' x='313.62866' y='-357.82248' angle='4.712389' width='71.119995' depth='7.62' height='213.35999' modelSize='2316' movable='false' cutOutShape='M0,0 v1 h1 v-1 z'/>
  <pieceOfFurniture level='level4' catalogId='eTeks#fridgeFreezer' name='Fridge &amp; Freezer' creator='eTeks' model='11' x='666.00793' y='-448.76056' angle='3.1415927' width='74.93' depth='72.39' height='173.98999' modelSize='27608'/>
  <pieceOfFurniture level='level4' catalogId='Omari#piano_cottura' name='Cooker' creator='Ben Omari' model='13/piano_cottura_Scene.obj' x='438.2847' y='-565.8615' angle='4.712389' width='78.104996' depth='58.42' height='94.615005' modelSize='18685'/>
  <pieceOfFurniture level='level4' catalogId='Omari#cassetti_cucina_45x60' name='Red drawers' creator='Ben Omari' model='15/cassetti_cucina_45x60_Scene.obj' x='436.69717' y='-449.65652' angle='4.712389' width='103.505' depth='65.405' height='92.71' modelSize='6415'>
    <material name='Material'>
      <texture name='Carrera-White-Marble-700x460' width='139.10872' height='91.44' image='16'/>
    </material>
    <material name='Wood_Cherry'>
      <texture name='Pine' creator='Emmanuel Puybaret' catalogId='Puybaret#pine' width='40.0' height='80.0' image='17'/>
    </material>
  </pieceOfFurniture>
  <pieceOfFurniture level='level4' catalogId='Omari#mobile_cucina_60x60' name='Red cabinet' creator='Ben Omari' model='19/mobile_cucina_Scene.obj' x='436.69717' y='-621.6621' angle='4.712389' width='33.49625' depth='65.405' height='92.71' modelSize='3204'>
    <material name='Material'>
      <texture name='Carrera-White-Marble-700x460' width='139.10872' height='91.44' image='16'/>
    </material>
    <material name='Wood_Cherry'>
      <texture name='Pine' creator='Emmanuel Puybaret' catalogId='Puybaret#pine' width='40.0' height='80.0' image='17'/>
    </material>
  </pieceOfFurniture>
  <pieceOfFurniture level='level4' catalogId='LucaPresidente#angolo' name='Corner cabinet' creator='LucaPresidente' model='21/angolo.obj' x='438.60217' y='-673.01776' angle='3.1415927' pitch='3.1415927' width='69.215' depth='69.215' depthInPlan='69.215004' height='92.71' heightInPlan='92.71001' modelSize='35990'>
    <material name='Line08_1'>
      <texture name='Carrera-White-Marble-700x460' width='139.10872' height='91.44' angle='1.5707964' image='16'/>
    </material>
    <material name='Line16_2'>
      <texture name='Pine' creator='Emmanuel Puybaret' catalogId='Puybaret#pine' width='40.0' height='80.0' image='17'/>
    </material>
  </pieceOfFurniture>
  <pieceOfFurniture level='level4' catalogId='Omari#mobile_cucina_60x60' name='Red cabinet' creator='Ben Omari' model='19/mobile_cucina_Scene.obj' x='495.4347' y='-674.9228' width='44.45' depth='65.405' height='92.71' modelSize='3204'>
    <material name='Aluminum' color='00000000'/>
    <material name='Material'>
      <texture name='Carrera-White-Marble-700x460' width='139.10872' height='91.44' image='16'/>
    </material>
    <material name='Wood_Cherry'>
      <texture name='Pine' creator='Emmanuel Puybaret' catalogId='Puybaret#pine' width='40.0' height='80.0' image='17'/>
    </material>
  </pieceOfFurniture>
  <pieceOfFurniture level='level4' catalogId='Omari#lavello_doppio_90x60' name='Red cabinet with basin' creator='Ben Omari' model='23/lavello_doppio_Scene.obj' x='562.7464' y='-674.4986' width='91.44' depth='65.405' height='114.6175' modelSize='12851'>
    <material name='Material'>
      <texture name='Carrera-White-Marble-700x460' width='139.10872' height='91.44' image='16'/>
    </material>
    <material name='Wood_Cherry'>
      <texture name='Pine' creator='Emmanuel Puybaret' catalogId='Puybaret#pine' width='40.0' height='80.0' image='17'/>
    </material>
  </pieceOfFurniture>
  <pieceOfFurniture level='level4' catalogId='Pencilart#dishwasher' name='Dishwasher' creator='Pencilart' model='25/dishwasher.obj' x='638.9464' y='-676.669' width='60.96' depth='61.9125' height='85.09' modelSize='9467'/>
  <pieceOfFurniture level='level4' catalogId='Omari#cassetti_cucina_45x60' name='Red drawers' creator='Ben Omari' model='15/cassetti_cucina_45x60_Scene.obj' x='702.4464' y='-675.08154' width='66.04' depth='65.0875' height='92.71' modelSize='6415'>
    <material name='Material'>
      <texture name='Carrera-White-Marble-700x460' width='139.10872' height='91.44' image='16'/>
    </material>
    <material name='Wood_Cherry'>
      <texture name='Pine' creator='Emmanuel Puybaret' catalogId='Puybaret#pine' width='40.0' height='80.0' image='17'/>
    </material>
  </pieceOfFurniture>
  <pieceOfFurniture level='level4' catalogId='Omari#mobile_cucina_60x60' name='Red cabinet' creator='Ben Omari' model='19/mobile_cucina_Scene.obj' x='764.6764' y='-675.2403' width='58.42' widthInPlan='58.420002' depth='64.77' height='92.71' heightInPlan='92.70999' modelMirrored='true' modelSize='3204'>
    <material name='Material'>
      <texture name='Carrera-White-Marble-700x460' width='139.10872' height='91.44' image='16'/>
    </material>
    <material name='Wood_Cherry'>
      <texture name='Pine' creator='Emmanuel Puybaret' catalogId='Puybaret#pine' width='40.0' height='80.0' image='17'/>
    </material>
  </pieceOfFurniture>
  <pieceOfFurniture level='level4' catalogId='LucaPresidente#mobilettoGrande' name='Large pantry' creator='LucaPresidente' model='27/mobilettoGrande.obj' x='754.34766' y='-443.91766' angle='3.1415927' width='80.9625' depth='72.39' height='213.36' modelSize='981347'>
    <material name='Box612_5'>
      <texture name='Pine' creator='Emmanuel Puybaret' catalogId='Puybaret#pine' width='40.0' height='80.0' image='17'/>
    </material>
    <material name='Box61_4'>
      <texture name='Pine' creator='Emmanuel Puybaret' catalogId='Puybaret#pine' width='40.0' height='80.0' image='17'/>
    </material>
    <material name='Rectangle18_1'>
      <texture name='Pine' creator='Emmanuel Puybaret' catalogId='Puybaret#pine' width='40.0' height='80.0' image='17'/>
    </material>
  </pieceOfFurniture>
  <pieceOfFurniture level='level3' catalogId='LucaPresidente#mensolaMarrone' name='Utility shelf' creator='LucaPresidente' model='29/mensolaMarrone.obj' x='116.749176' y='-698.1002' elevation='187.95999' width='232.41' widthInPlan='232.40997' depth='19.05' depthInPlan='19.050001' height='5.08' modelRotation='0 0 1 0 1 0 -1 0 0' modelSize='1334'>
    <material name='Box19_1'>
      <texture name='Pine' creator='Scopia' catalogId='eTeksScopia#wood-pine' width='60.0' height='60.0' image='30'/>
    </material>
  </pieceOfFurniture>
  <pieceOfFurniture level='level3' catalogId='Scopia#dryer_machine' name='Dryer machine' creator='Scopia' model='32/dryer_machine.obj' x='36.512497' y='-668.02' elevation='91.44' width='68.58' depth='75.565' height='91.44' modelSize='67783'/>
  <pieceOfFurniture level='level3' catalogId='OlaKristianHoff#suits_racked' name='Hanging suits' creator='Ola-Kristian Hoff' model='34/suits_racked.obj' x='113.08096' y='-677.6212' elevation='91.44' width='80.01' depth='60.0075' height='93.979996' modelRotation='0 0 -1 0 1 0 1 0 0' modelSize='178010'/>
  <pieceOfFurniture level='level3' catalogId='Scopia#chest-freezer' name='Chest freezer' creator='Scopia' model='36/chest-freezer.obj' x='187.61098' y='-678.4153' width='88.9' depth='58.42' height='86.36' modelSize='17741'/>
  <pieceOfFurniture level='level3' catalogId='Blend Swap CC-BY#kitchenSmallLowerCabinet' name='Kitty litter cabinet' creator='Jay-Artist' model='38/kitchenSmallLowerCabinet.obj' x='108.57849' y='-676.51025' width='45.72' depth='60.96' height='45.72' modelSize='63216'/>
  <pieceOfFurniture level='level3' catalogId='Scopia#clothes_washing_machine' name='Clothes washing machine' creator='Scopia' model='40/clothes_washing_machine.obj' x='35.2425' y='-668.02' width='68.58' depth='75.565' height='91.44' modelSize='94793'/>
  <pieceOfFurniture level='level4' catalogId='LucaPresidente#mensolaAzzurra' name='Kitchen Counter' creator='LucaPresidente' model='42/mensolaAzzurra.obj' x='638.9464' y='-677.14526' elevation='86.35999' width='60.96' depth='61.9125' height='6.35' modelRotation='0 0 1 0 1 0 -1 0 0' modelSize='1323'>
    <material name='Box41_1'>
      <texture name='Carrera-White-Marble-700x460' width='139.10872' height='91.44' angle='1.5707964' image='16'/>
    </material>
  </pieceOfFurniture>
  <pieceOfFurniture level='level4' catalogId='Bettinelli#desserte' name='Cart' creator='Gaël Bettinelli' model='44/desserte.obj' x='768.3061' y='-555.8396' angle='1.5707964' width='67.31' depth='52.07' height='97.79' modelSize='192665'/>
  <pieceOfFurniture level='level4' catalogId='LucaPresidente#mensolaAzzurra' name='Kitchen Counter' creator='LucaPresidente' model='42/mensolaAzzurra.obj' x='406.5347' y='-565.4652' elevation='86.36' angle='4.712389' width='77.47' depth='5.08' height='6.35' modelRotation='0 0 1 0 1 0 -1 0 0' modelSize='1323'>
    <material name='Box41_1'>
      <texture name='Carrera-White-Marble-700x460' width='139.10872' height='91.44' image='16'/>
    </material>
  </pieceOfFurniture>
  <pieceOfFurniture level='level5' name='Hood_UnderCabinet_36in' model='46/model.dae' x='429.39468' y='-563.43945' elevation='152.4' angle='4.712389' width='91.44' depth='50.8' height='12.7' modelSize='61667'/>
  <pieceOfFurniture level='level5' catalogId='LucaPresidente#pensileDoppio' name='Upper cabinet' creator='LucaPresidente' model='48/pensileDoppio.obj' x='695.6102' y='-690.95654' elevation='137.16' width='66.674995' depth='33.337498' height='76.2' modelSize='504301'>
    <material name='Box16_5'/>
    <material name='Box172_2'>
      <texture name='Pine' creator='Emmanuel Puybaret' catalogId='Puybaret#pine' width='40.0' height='80.0' image='17'/>
    </material>
  </pieceOfFurniture>
  <pieceOfFurniture level='level2' name='Queen Bed with Under Dresser' model='50/model.dae' x='144.13739' y='-103.75981' angle='4.712389' width='208.28' depth='160.02' height='88.9' modelSize='337511'>
    <material name='Color_001'>
      <texture name='Old wood' creator='Emmanuel Puybaret' catalogId='Puybaret#oldWood' width='40.0' height='80.0' image='7'/>
    </material>
  </pieceOfFurniture>
  <pieceOfFurniture level='level2' name='Hemnes+-+Nightstand' model='52/model.dae' x='31.65863' y='-17.08231' angle='3.1415927' width='46.0375' depth='34.925' height='69.85' modelSize='233995'/>
  <pieceOfFurniture level='level2' name='Hemnes+-+Nightstand' model='52/model.dae' x='259.10864' y='-17.717306' angle='3.1415927' width='46.0375' depth='34.925' height='69.85' modelSize='233995'/>
  <pieceOfFurniture level='level1' catalogId='Pencilart#electricOutlet2' name='Electric outlet 2' creator='Pencilart' model='54' x='317.43866' y='-449.0079' elevation='101.6' angle='4.712389' width='6.9849997' depth='0.635' height='10.795' modelSize='34672' movable='false'/>
  <pieceOfFurniture level='level1' catalogId='Pencilart#electricOutlet2' name='Electric outlet 2' creator='Pencilart' model='54' x='404.3122' y='-643.6579' elevation='101.6' angle='4.712389' width='6.9849997' depth='0.635' height='10.795' modelSize='34672' movable='false'/>
  <pieceOfFurniture level='level1' catalogId='Pencilart#electricOutlet2' name='Electric outlet 2' creator='Pencilart' model='54' x='448.20044' y='-707.3078' elevation='101.6' width='6.9849997' depth='0.635' height='10.795' modelSize='34672' movable='false'/>
  <pieceOfFurniture level='level1' catalogId='Pencilart#electricOutlet2' name='Electric outlet 2' creator='Pencilart' model='54' x='675.6504' y='-707.3078' elevation='101.6' width='6.9849997' widthInPlan='6.984999' depth='0.635' height='10.795' modelSize='34672' movable='false'/>
  <pieceOfFurniture level='level1' catalogId='Pencilart#electricOutlet2' name='Electric outlet 2' creator='Pencilart' model='54' x='752.3504' y='-707.3078' elevation='101.6' width='6.9849997' depth='0.635' height='10.795' modelSize='34672' movable='false'/>
  <pieceOfFurniture level='level2' catalogId='eTeks#slidingDoors' name='BR#1 Closet Sliding doors' creator='eTeks' model='56' x='157.34305' y='-307.20584' angle='6.283185' width='147.955' depth='3.81' height='195.58' modelSize='6651' movable='false'/>
  <pieceOfFurniture level='level3' catalogId='Blend Swap CC-BY#decorativePlant' name='Decorative plant' creator='Nmn9' model='58/decorativePlant.obj' x='212.63348' y='-618.8895' elevation='77.1525' width='31.75' depth='32.0675' height='60.642498' modelSize='823583'/>
  <pieceOfFurniture level='level3' catalogId='Blend Swap CC-BY#decorativePlant' name='Decorative plant' creator='Nmn9' model='58/decorativePlant.obj' x='212.81097' y='-586.822' elevation='77.1525' width='31.75' depth='32.0675' height='60.642498' modelSize='823583'/>
  <pieceOfFurniture level='level3' catalogId='Blend Swap CC-BY#decorativePlant' name='Decorative plant' creator='Nmn9' model='58/decorativePlant.obj' x='212.81097' y='-551.2145' elevation='77.1525' width='31.75' depth='32.0675' height='60.642498' modelSize='823583'/>
  <pieceOfFurniture level='level3' catalogId='Blend Swap CC-BY#decorativePlant' name='Decorative plant' creator='Nmn9' model='58/decorativePlant.obj' x='213.23596' y='-513.6644' elevation='77.1525' width='31.75' depth='32.0675' height='60.642498' modelSize='823583'/>
  <pieceOfFurniture level='level3' name='Kallax+Shelving+Unit+(Black)' model='60/model.dae' x='212.53473' y='-557.0826' angle='4.712389' roll='1.5707964' width='77.1525' widthInPlan='147.0025' depth='39.052498' height='147.0025' heightInPlan='77.152504' modelSize='3582708'/>
  <pieceOfFurniture level='level3' name='Kallax+Shelving+Unit+(Black)' model='60/model.dae' x='131.65' y='-410.35764' width='77.1525' depth='39.052498' height='147.0025' modelSize='3582708'/>
  <pieceOfFurniture level='level7' catalogId='Kator Legaz#filing-cabinet' name='Filing cabinet' creator='Kator Legaz' model='62/filing-cabinet.obj' x='681.63904' y='-27.608604' angle='3.1415927' width='38.735' depth='52.704998' height='60.0075' modelSize='18538'>
    <material name='Filing_cabinet' color='FF212121'/>
  </pieceOfFurniture>
  <doorOrWindow level='level0' catalogId='OlaKristianHoff#sliderPocketDoor' name='Bath Slider pocket door' creator='Ola-Kristian Hoff' model='64/sliderPocketDoor.obj' x='276.29666' y='-474.95154' angle='1.7484555E-7' width='83.82' depth='6.35075' height='212.4075' modelMirrored='true' modelSize='5666' movable='false' cutOutShape='M0,0 v1 h1 v-1 z' wallCutOutOnBothSides='true'>
    <material name='Door'>
      <texture name='Frosted glass' creator='Scopia' catalogId='eTeksScopia#wall-frosted-glass' width='60.0' height='60.0' image='4'/>
    </material>
    <material name='Threshold'>
      <texture name='Wooden floor' creator='Scopia' width='120.0' height='120.0' angle='1.5707964' image='65'/>
    </material>
  </doorOrWindow>
  <pieceOfFurniture level='level7' catalogId='Scopia#internal-unity-air-conditioning' name='Air conditioning - Internal unit' creator='Scopia' model='67/internal-unity-air-conditioning.obj' x='375.6025' y='-12.319811' elevation='168.275' angle='3.1415927' width='77.47' depth='25.4' height='29.845' modelSize='185600' movable='false'/>
  <pieceOfFurniture level='level7' name='KALLAX_White_Shelf_obj' model='69/IKE170027_obj/IKE170027.obj' x='600.8912' y='-430.20886' angle='4.712389' width='41.91' depth='39.052498' height='147.0025' color='FF000000' modelSize='9532'/>
  <pieceOfFurniture level='level6' catalogId='Blend Swap CC-BY#toilets_unit_jay_hardy' name='Toilets unit' creator='Jay-Artist' model='71/toilets_unit_jay_hardy.obj' x='358.90967' y='-590.2252' angle='1.5707964' width='43.18' depth='63.5' height='76.5175' modelSize='849874' movable='false'/>
  <pieceOfFurniture level='level6' name='GODMORGON / ODENSVIK' model='73/model.dae' x='366.2122' y='-508.67902' elevation='22.86' angle='1.5707964' width='60.0075' depth='48.895' height='64.135' modelSize='314907'>
    <material name='edge_color000255'/>
    <material name='material_1'>
      <texture name='Pine' creator='Emmanuel Puybaret' width='40.0' height='80.0' image='17'/>
    </material>
    <material name='material_1_0'>
      <texture name='Pine' creator='Emmanuel Puybaret' width='40.0' height='80.0' image='17'/>
    </material>
  </pieceOfFurniture>
  <pieceOfFurniture level='level6' name='IKEA+GRUNDTAL+towel+rack' model='75/model.dae' x='264.12848' y='-539.1931' elevation='121.92' angle='4.712389' width='39.2327' depth='45.72' height='23.786757' modelSize='504551'/>
  <pieceOfFurniture level='level6' name='GODMORGON_lustro' model='77/model.dae' x='383.67468' y='-510.27985' elevation='111.759995' angle='1.5707964' width='60.0075' depth='13.969999' height='95.885' modelSize='22381'>
    <material name='Light_Blue'>
      <texture name='Pine' creator='Emmanuel Puybaret' width='40.0' height='80.0' image='17'/>
    </material>
    <material name='Translucent_Glass_Tinted'>
      <texture name='Pine' creator='Emmanuel Puybaret' width='40.0' height='80.0' image='17'/>
    </material>
  </pieceOfFurniture>
  <pieceOfFurniture level='level6' catalogId='Kator Legaz#bathroom-tissue' name='Toilet paper dispenser' creator='Kator Legaz' model='79/bathroom-tissue.obj' x='355.62454' y='-545.08014' elevation='60.0075' angle='3.1415927' width='15.875' depth='12.794776' height='11.136193' modelSize='171912'>
    <material name='Cardboard'/>
    <material name='paper' color='FFFFFFFF'/>
  </pieceOfFurniture>
  <pieceOfFurniture level='level6' catalogId='Pencilart#lightSwitch' name='Light switch' creator='Pencilart' model='81' x='241.79764' y='-505.45798' elevation='109.854996' angle='4.712389' width='6.9849997' depth='2.3283331' height='10.865554' modelSize='5530' movable='false'/>
  <pieceOfFurniture level='level4' catalogId='Bettinelli#poubelleInox' name='Trash can' creator='Gaël Bettinelli' model='83/poubelleInox.obj' x='601.6647' y='-468.30887' angle='3.1415927' width='28.8925' depth='34.29' height='65.0875' modelSize='78538'/>
  <pieceOfFurniture level='level4' catalogId='Kator Legaz#recycling-bin' name='Recycling bin' creator='Kator Legaz' model='85/recycling-bin.obj' x='730.84106' y='-554.733' angle='1.5707964' width='76.2' depth='22.86' height='76.2' color='FF000000' modelSize='358563'/>
  <pieceOfFurniture level='level1' catalogId='Pencilart#electricOutlet2' name='Electric outlet 2' creator='Pencilart' model='54' x='231.67291' y='-473.45795' elevation='20.0025' angle='1.5707964' width='6.9849997' depth='0.776111' height='10.865554' modelSize='34672' movable='false'/>
  <pieceOfFurniture level='level1' catalogId='Pencilart#lightSwitch' name='Light switch' creator='Pencilart' model='81' x='231.32498' y='-473.3925' elevation='109.854996' angle='3.1415927' width='6.9849997' depth='2.2224998' height='10.795' modelSize='5530' movable='false'/>
  <pieceOfFurniture level='level1' catalogId='Pencilart#electricOutlet2' name='Electric outlet 2' creator='Pencilart' model='54' x='29.800362' y='-707.3078' elevation='20.0025' width='6.9849997' depth='0.635' height='10.795' modelSize='34672' movable='false'/>
  <pieceOfFurniture level='level1' catalogId='Pencilart#electricOutlet2' name='Electric outlet 2' creator='Pencilart' model='54' x='198.30038' y='-707.3078' elevation='20.0025' width='6.9849997' depth='0.635' height='10.795' modelSize='34672' movable='false'/>
  <pieceOfFurniture level='level1' catalogId='Pencilart#electricOutlet' name='Electric outlet Dryer' creator='Pencilart' model='87' x='48.600365' y='-707.1264' elevation='152.4' width='6.985' depth='0.99785715' height='13.97' modelSize='50275' movable='false'/>
  <doorOrWindow level='level1' catalogId='OlaKristianHoff#vent_round' name='Round vent' creator='Ola-Kristian Hoff' model='89/vent_round.obj' x='35.007874' y='-713.55176' elevation='86.994995' angle='3.1415927' width='21.9075' depth='25.40075' height='24.13' heightInPlan='24.129997' modelSize='40116' movable='false' cutOutShape='M 0.5,0.76 a 0.33,0.3 0 1,1 0.001,0.0 z' wallCutOutOnBothSides='true'/>
  <doorOrWindow level='level0' catalogId='OlaKristianHoff#sliderPocketDoor' name='BR#2 Slider barn door' creator='Ola-Kristian Hoff' model='64/sliderPocketDoor.obj' x='236.05682' y='-423.34415' angle='4.712389' width='83.185' depth='8.57325' height='212.4075' modelMirrored='true' modelSize='5666' movable='false' cutOutShape='M0,0 v1 h1 v-1 z' wallCutOutOnBothSides='true'>
    <material name='Door'>
      <texture name='Frosted glass' creator='Scopia' catalogId='eTeksScopia#wall-frosted-glass' width='60.0' height='60.0' image='4'/>
    </material>
    <material name='Threshold'>
      <texture name='Wooden floor' creator='Scopia' width='120.0' height='120.0' angle='1.5707964' image='65'/>
    </material>
  </doorOrWindow>
  <pieceOfFurniture level='level1' catalogId='Pencilart#electricOutlet2' name='Electric outlet 2' creator='Pencilart' model='54' x='30.900364' y='4.721443' elevation='20.0025' angle='3.1415927' width='6.9849997' depth='0.635' height='10.795' modelSize='34672' movable='false'/>
  <pieceOfFurniture level='level1' catalogId='Pencilart#electricOutlet2' name='Electric outlet 2' creator='Pencilart' model='54' x='260.1504' y='0.06269276' elevation='20.0025' angle='3.1415927' width='6.9849997' depth='0.635' height='10.795' modelSize='34672' movable='false'/>
  <pieceOfFurniture level='level1' catalogId='Pencilart#electricOutlet2' name='Electric outlet 2' creator='Pencilart' model='54' x='0.8616947' y='-240.45789' elevation='20.0025' angle='4.712389' width='6.9849997' depth='0.635' height='10.795' modelSize='34672' movable='false'/>
  <pieceOfFurniture level='level1' catalogId='Pencilart#electricOutlet2' name='Electric outlet 2' creator='Pencilart' model='54' x='309.50116' y='-258.25793' elevation='20.0025' angle='1.5707964' width='6.9849997' depth='0.635' height='10.795' modelSize='34672' movable='false'/>
  <light level='level1' catalogId='Scopia#ceiling-lamp' name='Bathroom vent fan light' creator='Scopia' model='91/ceiling-lamp.obj' x='310.45038' y='-596.70795' elevation='207.9625' width='29.845' depth='29.845' height='5.3975' modelSize='96982'/>
  <pieceOfFurniture level='level1' catalogId='Pencilart#lightSwitch' name='Light switch' creator='Pencilart' model='81' x='241.74472' y='-512.443' elevation='109.854996' angle='4.712389' width='6.9849997' depth='2.2224998' height='10.795' modelSize='5530' movable='false'/>
  <light level='level1' catalogId='Scopia#ceiling-lamp' name='Ceiling lamp' creator='Scopia' model='91/ceiling-lamp.obj' x='120.550385' y='-557.1079' elevation='207.96251' width='40.64' depth='40.64' height='5.3975' modelSize='96982'/>
  <light level='level1' catalogId='Scopia#ceiling-lamp' name='Ceiling lamp' creator='Scopia' model='91/ceiling-lamp.obj' x='148.65039' y='-135.70795' elevation='207.9625' width='40.64' depth='40.64' height='5.3975' modelSize='96982'/>
  <pieceOfFurniture level='level1' catalogId='Pencilart#lightSwitch' name='Light switch' creator='Pencilart' model='81' x='235.93016' y='-304.17255' elevation='109.854996' width='6.9849997' depth='2.2224998' height='10.795' modelSize='5530' movable='false'/>
  <pieceOfFurniture level='level1' name='Electrical Panel' model='93/model.dae' x='-22.315805' y='-43.923294' elevation='91.44' angle='1.5707964' width='45.72' depth='20.32' height='76.2' modelSize='10443'/>
  <pieceOfFurniture level='level1' name='Irrigation Control' model='93/model.dae' x='707.05994' y='-723.14746' elevation='121.92' angle='3.1415927' width='12.7' depth='5.644444' height='21.166664' modelSize='10443'/>
  <light level='level1' catalogId='Scopia#ceiling-lamp' name='Ceiling lamp' creator='Scopia' model='91/ceiling-lamp.obj' x='490.62537' y='-270.95795' elevation='207.9625' width='40.64' depth='40.64' height='5.3975' modelSize='96982'/>
  <pieceOfFurniture level='level7' name='FRIHETEN+Corner+Sofa-Bed' model='95/model.dae' x='393.0037' y='-184.18619' angle='4.712389' width='229.87' depth='151.13' height='93.979996' modelSize='411576'/>
  <pieceOfFurniture level='level7' catalogId='Scopia#table_wood_and_iron' name='Coffee table' creator='Scopia' model='97/table_wood_and_iron.obj' x='470.3379' y='-135.5527' angle='1.5707964' width='121.284996' depth='75.8825' height='50.165' modelSize='175637'/>
  <pieceOfFurniture level='level8' catalogId='Scopia#electric_water_heater_big' name='Electric water heater' creator='Scopia' model='99/electric_water_heater_big.obj' x='398.91998' y='-477.70087' width='45.72' depth='46.0375' height='100.6475' modelSize='259875' movable='false'/>
  <pieceOfFurniture level='level5' catalogId='Pastierovic#upperCabinet2' name='Gray smaller upper cabinet' creator='Robert Pastierovic' model='101' x='529.9075' y='-690.95654' elevation='175.26' width='66.674995' depth='33.337498' height='38.1' modelSize='3579'>
    <material name='flltgrey'/>
    <material name='grey'>
      <texture name='Pine' creator='Emmanuel Puybaret' catalogId='Puybaret#pine' width='40.0' height='80.0' image='17'/>
    </material>
  </pieceOfFurniture>
  <pieceOfFurniture level='level5' catalogId='Blend Swap CC-BY#kitchenSmallUpperCabinet' name='Small upper cabinet' creator='Jay-Artist' model='103/kitchenSmallUpperCabinet.obj' x='645.44525' y='-690.95654' elevation='137.16' width='32.7025' depth='33.337498' height='76.2' modelSize='36483'>
    <material name='Cupboard-units'>
      <texture name='Pine' creator='Emmanuel Puybaret' catalogId='Puybaret#pine' width='40.0' height='80.0' image='17'/>
    </material>
  </pieceOfFurniture>
  <pieceOfFurniture level='level5' catalogId='Blend Swap CC-BY#kitchenSmallUpperCabinet' name='Small upper cabinet' creator='Jay-Artist' model='103/kitchenSmallUpperCabinet.obj' x='480.21875' y='-690.95654' elevation='137.16' width='32.7025' depth='33.337498' height='76.2' modelSize='36483'>
    <material name='Cupboard-units'>
      <texture name='Pine' creator='Emmanuel Puybaret' catalogId='Puybaret#pine' width='40.0' height='80.0' image='17'/>
    </material>
  </pieceOfFurniture>
  <pieceOfFurniture level='level5' catalogId='Blend Swap CC-BY#kitchenSmallUpperCabinet' name='Small upper cabinet' creator='Jay-Artist' model='103/kitchenSmallUpperCabinet.obj' x='447.51624' y='-690.95654' elevation='137.16' width='32.7025' depth='33.337498' height='76.2' modelSize='36483'>
    <material name='Cupboard-units'>
      <texture name='Pine' creator='Emmanuel Puybaret' catalogId='Puybaret#pine' width='40.0' height='80.0' image='17'/>
    </material>
    <material name='Metal-Handles'>
      <texture name='Pine' creator='Emmanuel Puybaret' catalogId='Puybaret#pine' width='40.0' height='80.0' image='17'/>
    </material>
  </pieceOfFurniture>
  <pieceOfFurniture level='level5' catalogId='LucaPresidente#pensileDoppio' name='Upper cabinet' creator='LucaPresidente' model='48/pensileDoppio.obj' x='420.66342' y='-643.6483' elevation='137.16' angle='4.712389' width='67.6275' depth='33.337498' height='76.2' modelSize='504301'>
    <material name='Box16_5'/>
    <material name='Box172_2'>
      <texture name='Pine' creator='Emmanuel Puybaret' catalogId='Puybaret#pine' width='40.0' height='80.0' image='17'/>
    </material>
  </pieceOfFurniture>
  <pieceOfFurniture level='level5' catalogId='LucaPresidente#pensileDoppio' name='Upper cabinet' creator='LucaPresidente' model='48/pensileDoppio.obj' x='420.82217' y='-488.05322' elevation='137.16' angle='4.712389' width='60.0075' depth='33.337498' height='76.2' modelSize='504301'>
    <material name='Box16_5'/>
    <material name='Box172_2'>
      <texture name='Pine' creator='Emmanuel Puybaret' catalogId='Puybaret#pine' width='40.0' height='80.0' image='17'/>
    </material>
  </pieceOfFurniture>
  <pieceOfFurniture level='level5' catalogId='LucaPresidente#pensileDoppio' name='Upper cabinet' creator='LucaPresidente' model='48/pensileDoppio.obj' x='420.82217' y='-428.84576' elevation='137.16' angle='4.712389' width='60.0075' depth='33.337498' height='76.2' modelSize='504301'>
    <material name='Box16_5'>
      <texture name='Pine' creator='Emmanuel Puybaret' catalogId='Puybaret#pine' width='40.0' height='80.0' image='17'/>
    </material>
    <material name='Box172_2'>
      <texture name='Pine' creator='Emmanuel Puybaret' catalogId='Puybaret#pine' width='40.0' height='80.0' image='17'/>
    </material>
  </pieceOfFurniture>
  <pieceOfFurniture level='level4' catalogId='LucaPresidente#mobilettoGrande' name='Large pantry' creator='LucaPresidente' model='27/mobilettoGrande.obj' x='360.93616' y='-428.2408' width='86.36' depth='72.39' height='213.36' modelSize='981347'>
    <material name='Box612_5'>
      <texture name='Pine' creator='Emmanuel Puybaret' catalogId='Puybaret#pine' width='40.0' height='80.0' image='17'/>
    </material>
    <material name='Box61_4'>
      <texture name='Pine' creator='Emmanuel Puybaret' catalogId='Puybaret#pine' width='40.0' height='80.0' image='17'/>
    </material>
    <material name='Rectangle18_1'>
      <texture name='Pine' creator='Emmanuel Puybaret' catalogId='Puybaret#pine' width='40.0' height='80.0' image='17'/>
    </material>
  </pieceOfFurniture>
  <pieceOfFurniture level='level4' catalogId='Pencilart#1DoorLowerCabinet' name='Wood lower cabinet' creator='Pencilart' model='105/1DoorLowerCabinet.obj' x='436.0622' y='-514.109' angle='4.712389' width='25.4' depth='64.135' height='92.71' modelSize='183364'>
    <material name='Marble2'>
      <texture name='Carrera-White-Marble-700x460' width='139.10872' height='91.44' image='16'/>
    </material>
    <material name='Woodenhandle'>
      <texture name='Pine' creator='Emmanuel Puybaret' catalogId='Puybaret#pine' width='40.0' height='80.0' image='17'/>
    </material>
    <material name='brass'>
      <texture name='Pine' creator='Emmanuel Puybaret' catalogId='Puybaret#pine' width='40.0' height='80.0' image='17'/>
    </material>
    <material name='wood'>
      <texture name='Pine' creator='Emmanuel Puybaret' catalogId='Puybaret#pine' width='40.0' height='80.0' image='17'/>
    </material>
  </pieceOfFurniture>
  <pieceOfFurniture level='level5' catalogId='Pastierovic#upperCabinet2' name='Gray smaller upper cabinet' creator='Robert Pastierovic' model='101' x='595.75653' y='-690.95654' elevation='175.26' width='66.674995' depth='33.337498' height='38.1' modelSize='3579'>
    <material name='flltgrey'/>
    <material name='grey'>
      <texture name='Pine' creator='Emmanuel Puybaret' catalogId='Puybaret#pine' width='40.0' height='80.0' image='17'/>
    </material>
  </pieceOfFurniture>
  <pieceOfFurniture level='level5' catalogId='Pastierovic#upperCabinet2' name='Gray smaller upper cabinet' creator='Robert Pastierovic' model='101' x='420.66342' y='-564.25323' elevation='165.09999' angle='4.712389' width='92.3925' depth='33.337498' height='48.26' modelSize='3579'>
    <material name='flltgrey'/>
    <material name='grey'>
      <texture name='Pine' creator='Emmanuel Puybaret' catalogId='Puybaret#pine' width='40.0' height='80.0' image='17'/>
    </material>
  </pieceOfFurniture>
  <pieceOfFurniture level='level5' catalogId='LucaPresidente#pensileDoppio' name='Upper cabinet' creator='LucaPresidente' model='48/pensileDoppio.obj' x='762.2852' y='-690.95654' elevation='137.16' width='66.674995' depth='33.337498' height='76.2' modelSize='504301'>
    <material name='Box16_5'/>
    <material name='Box172_2'>
      <texture name='Pine' creator='Emmanuel Puybaret' catalogId='Puybaret#pine' width='40.0' height='80.0' image='17'/>
    </material>
  </pieceOfFurniture>
  <pieceOfFurniture level='level5' catalogId='LucaPresidente#pensileDoppio' name='Upper cabinet' creator='LucaPresidente' model='48/pensileDoppio.obj' x='667.1939' y='-446.03055' elevation='175.26' angle='3.1415927' width='93.345' depth='74.93' height='38.1' modelSize='504301'>
    <material name='Box16_5'>
      <texture name='Pine' creator='Emmanuel Puybaret' width='40.0' height='80.0' image='17'/>
    </material>
    <material name='Box172_2'>
      <texture name='Pine' creator='Emmanuel Puybaret' catalogId='Puybaret#pine' width='40.0' height='80.0' image='17'/>
    </material>
    <material name='Box17_1'>
      <texture name='Pine' creator='Emmanuel Puybaret' width='40.0' height='80.0' image='17'/>
    </material>
  </pieceOfFurniture>
  <pieceOfFurniture level='level7' catalogId='Blend Swap CC-BY#armchair1' name='Armchair' creator='Aymanslman' model='107/armchair1.obj' x='611.76996' y='-190.71335' angle='1.5707964' width='79.057495' depth='68.8975' height='78.104996' modelSize='236452'/>
  <pieceOfFurniture level='level7' catalogId='Blend Swap CC-BY#armchair1' name='Armchair' creator='Aymanslman' model='107/armchair1.obj' x='609.495' y='-97.813385' angle='1.5707964' width='79.057495' depth='68.8975' height='78.104996' modelSize='236452'/>
  <pieceOfFurniture level='level1' catalogId='Pencilart#electricOutlet2' name='Electric outlet 2' creator='Pencilart' model='54' x='390.50092' y='-551.2258' elevation='162.56' angle='1.5707964' width='2.8575' depth='0.3175' height='4.4449997' modelSize='34672' movable='false'/>
  <pieceOfFurniture level='level1' catalogId='Pencilart#electricOutlet2' name='Electric outlet 2' creator='Pencilart' model='54' x='390.50092' y='-533.39496' elevation='91.44' angle='1.5707964' roll='1.5707964' width='2.8575' widthInPlan='4.4449997' depth='0.3175' height='4.4449997' heightInPlan='2.8575003' modelSize='34672' movable='false'/>
  <doorOrWindow level='level0' catalogId='Pencilart#windowFrostedGlass' name='Window frosted glass' creator='Pencilart' model='109/windowFrostedGlass.obj' x='315.82947' y='-713.9753' elevation='177.79999' width='148.9075' depth='12.700749' height='33.9725' modelSize='11921' movable='false' cutOutShape='M0,0 v1 h1 v-1 z' wallCutOutOnBothSides='true'>
    <material name='darkwood' color='FFF0F0F0'/>
    <material name='frostedglass' color='00000000'/>
  </doorOrWindow>
  <pieceOfFurniture level='level6' catalogId='Reallusion#holdingFemale01' name='Holding female' creator='Reallusion' model='111/holdingFemale01.obj' x='274.95282' y='-672.8153' width='43.497498' depth='51.7525' height='170.18' modelSize='630248'/>
  <pieceOfFurniture level='level6' catalogId='LucaPresidente#mensolaAcero' name='Shelf maple' creator='LucaPresidente' model='113/mensolaAcero.obj' x='375.73718' y='-584.44183' elevation='177.79999' angle='1.5707964' width='80.01' depth='29.845' height='2.54' modelRotation='0 0 1 0 1 0 -1 0 0' modelSize='25140'/>
  <pieceOfFurniture level='level6' catalogId='LucaPresidente#mensolaAcero' name='Shelf maple' creator='LucaPresidente' model='113/mensolaAcero.obj' x='375.73718' y='-585.05286' elevation='152.4' angle='1.5707964' width='80.01' depth='29.845' height='2.54' modelRotation='0 0 1 0 1 0 -1 0 0' modelSize='25140'/>
  <pieceOfFurniture level='level6' catalogId='LucaPresidente#mensolaAcero' name='Shelf maple' creator='LucaPresidente' model='113/mensolaAcero.obj' x='380.65842' y='-584.78156' elevation='116.840004' angle='1.5707964' width='80.01' depth='20.0025' height='2.54' modelRotation='0 0 1 0 1 0 -1 0 0' modelSize='25140'/>
  <pieceOfFurniture level='level6' catalogId='LucaPresidente#mensolaAcero' name='Shelf maple' creator='LucaPresidente' model='113/mensolaAcero.obj' x='380.65842' y='-584.5104' elevation='83.185' angle='1.5707964' width='80.01' depth='20.0025' height='2.54' modelRotation='0 0 1 0 1 0 -1 0 0' modelSize='25140'/>
  <pieceOfFurniture level='level6' catalogId='Reallusion#sitFemale03' name='Sitting female' creator='Reallusion' model='115/sitFemale03.obj' x='322.07968' y='-588.368' angle='1.5707964' width='49.53' depth='97.155' height='126.682495' modelSize='624405'/>
  <pieceOfFurniture level='level1' catalogId='Pencilart#electricOutlet2' name='Electric outlet 2' creator='Pencilart' model='54' x='390.52502' y='-551.18' elevation='121.92' angle='1.5707964' width='2.8575' depth='0.3175' height='4.4449997' modelSize='34672' movable='false'/>
  <light level='level1' catalogId='Scopia#ceiling-lamp' name='Bathroom vent fan light' creator='Scopia' model='91/ceiling-lamp.obj' x='361.90918' y='-509.17996' elevation='211.77249' width='8.5725' depth='8.5725' height='1.5875' modelSize='96982'/>
  <pieceOfFurniture level='level-2c30390b-f837-4079-87c8-76a921b802d8' catalogId='Blend Swap CC-0#showerStall' name='Shower stall' creator='Asterlil' model='117/showerStall.obj' x='344.88763' y='-669.5249' angle='1.5707964' width='76.2' depth='91.54402' height='226.05998' modelSize='513396'/>
  <pieceOfFurniture level='level-1abecf1e-dade-4aba-83ef-c2a72396b0be' catalogId='Blend Swap CC-0#shower' name='Shower head and faucet' creator='Wfg5001' model='119/shower.obj' x='363.83093' y='-669.7312' elevation='96.52' angle='1.5707964' width='20.955' depth='53.657497' height='114.299995' modelSize='96924' movable='false'/>
  <pieceOfFurniture level='level-1abecf1e-dade-4aba-83ef-c2a72396b0be' catalogId='Snduc#bacADouchePlat' name='Shower cubicle' creator='Snduc' model='121' x='315.72968' y='-669.52527' angle='1.5707964' width='81.28' depth='149.86' height='6.35' modelRotation='0 0 1 0 1 0 -1 0 0' modelSize='29607' movable='false'/>
  <pieceOfFurniture level='level-1abecf1e-dade-4aba-83ef-c2a72396b0be' catalogId='Blend Swap CC-0#showerDoor' name='Shower door' creator='Wfg5001' model='123/showerDoor.obj' x='278.7335' y='-629.47546' elevation='6.35' roll='3.1415927' width='76.2' depth='22.5425' height='191.77' modelSize='58449' movable='false'/>
  <pieceOfFurniture level='level-1abecf1e-dade-4aba-83ef-c2a72396b0be' catalogId='Blend Swap CC-0#showerDoor' name='Shower door' creator='Wfg5001' model='123/showerDoor.obj' x='350.81342' y='-629.7255' elevation='6.35' pitch='3.1415927' width='79.6925' depth='22.542503' depthInPlan='22.542505' height='191.77002' modelSize='58449' movable='false'>
    <material name='shower_door'/>
    <material name='shower_handle' color='00000000'/>
  </pieceOfFurniture>
  <pieceOfFurniture level='level-8f1a5178-82e6-409d-9a8b-8dc65f33e822' catalogId='OlaKristianHoff#shower_cabin' name='Shower cabin' creator='Ola-Kristian Hoff' model='125/shower_cabin.obj' x='352.5597' y='-669.52527' angle='1.5707964' width='76.2' depth='76.2' height='213.35999' modelMirrored='true' modelSize='88727'/>
  <pieceOfFurniture level='level-57fcfcf9-3611-4372-8a1d-a6c757f07ad2' catalogId='LucaPresidente#doccia' name='Shower cabin' creator='LucaPresidente' model='127/doccia.obj' x='352.5597' y='-669.52496' angle='1.5707964' width='76.2' depth='76.2' height='213.35999' modelRotation='-1 0 0 0 1 0 0 0 -1' modelSize='152895'/>
  <light level='level1' catalogId='Scopia#ceiling-lamp' name='Bathroom vent fan light' creator='Scopia' model='91/ceiling-lamp.obj' x='350.79016' y='-669.4572' elevation='207.9625' width='29.845' depth='29.845' height='5.3975' modelSize='96982'/>
  <pieceOfFurniture level='level1' catalogId='Snduc#boucheVMC' name='Vent' creator='Snduc' model='129' x='351.00702' y='-668.9184' elevation='207.96251' pitch='1.5707964' width='21.59' depth='1.905' depthInPlan='21.59' height='21.59' heightInPlan='1.9050009' modelRotation='0 0 -1 1 0 0 0 -1 0' modelSize='166565' movable='false'/>
  <pieceOfFurniture level='level6' catalogId='Scopia#garden-faucet' name='Utility faucet' creator='Scopia' model='131/garden-faucet.obj' x='375.41968' y='-673.1336' elevation='60.96' angle='1.5707964' width='7.62' depth='30.48' height='23.8125' modelSize='39533' movable='false'/>
  <wall id='wall0' level='level0' wallAtStart='wall22' xStart='-5.8058205' yStart='-713.9753' xEnd='-5.8058205' yEnd='-401.69016' height='213.36' thickness='12.7' pattern='hatchUp' leftSideColor='FFFAF0E6'/>
  <wall id='wall1' level='level0' xStart='397.32718' yStart='-710.4214' xEnd='397.32718' yEnd='-471.97888' height='213.36' thickness='13.335' pattern='hatchUp' leftSideShininess='0.25' rightSideColor='FFFAF0E6' rightSideShininess='0.25'>
    <texture attribute='leftSideTexture' name='AO_VI11_8x24_Quadrangle_Beige' width='20.32' height='6.2807274' image='133'/>
  </wall>
  <wall id='wall2' level='level0' xStart='313.62866' yStart='-471.97888' xEnd='313.62866' yEnd='-309.8404' height='213.36' thickness='6.9849997' pattern='hatchUp' leftSideColor='FFFAF0E6' rightSideColor='FFFDFCFA'/>
  <wall id='wall3' level='level0' xStart='236.05682' yStart='-464.7804' xEnd='236.05682' yEnd='-309.8404' height='213.36' thickness='8.5725' pattern='hatchUp' leftSideColor='FFFDFCFA' rightSideColor='FFFAF0E6'/>
  <wall id='wall4' level='level0' xStart='313.62866' yStart='-316.04584' xEnd='313.62866' yEnd='8.635193' height='213.36' thickness='7.62' pattern='hatchUp' leftSideColor='FFFAF0E6' rightSideColor='FFFAF0E6'/>
  <wall id='wall5' level='level0' xStart='73.763855' yStart='-386.8889' xEnd='230.60886' yEnd='-386.8889' height='213.36' thickness='7.9375' pattern='hatchUp' leftSideColor='FFFAF0E6' rightSideColor='FFFDFCFA'/>
  <wall id='wall6' level='level0' xStart='73.76387' yStart='-316.04584' xEnd='-0.50737' yEnd='-316.04584' height='213.36' thickness='11.747499' pattern='hatchUp' leftSideColor='FFFAF0E6' rightSideColor='FFFAF0E6'/>
  <wall id='wall7' level='level0' xStart='707.674' yStart='16.774841' xEnd='707.674' yEnd='-396.09637' height='213.36' thickness='13.335' pattern='hatchUp' leftSideColor='FFFAF0E6'/>
  <wall id='wall8' level='level0' xStart='802.1314' yStart='-646.9214' xEnd='802.1314' yEnd='-395.7789' height='213.36' thickness='14.605' pattern='hatchUp' rightSideColor='FFFAF0E6'/>
  <wall id='wall9' level='level0' xStart='796.0267' yStart='-401.69016' xEnd='609.9717' yEnd='-401.69016' height='213.36' thickness='12.065' pattern='hatchUp' rightSideColor='FFFAF0E6'/>
  <wall id='wall10' level='level0' xStart='239.04565' yStart='-313.49384' xEnd='313.62866' yEnd='-313.49384' height='213.36' thickness='7.62' pattern='hatchUp' leftSideColor='FFFDFCFA' rightSideColor='FFFAF0E6'/>
  <wall id='wall11' level='level0' xStart='-0.5667572' yStart='-389.02365' xEnd='76.585754' yEnd='-389.02365' height='213.36' thickness='3.81' pattern='hatchUp' leftSideColor='FFFAF0E6' rightSideColor='FFFAF0E6'/>
  <wall id='wall12' level='level0' wallAtStart='wall23' xStart='397.32718' yStart='-713.9753' xEnd='809.1176' yEnd='-713.9753' height='213.36' thickness='12.7' pattern='hatchUp' leftSideShininess='0.25' rightSideShininess='0.25'>
    <texture attribute='rightSideTexture' name='AO_VI11_8x24_Quadrangle_Beige' width='20.32' height='6.2807274' image='133'/>
  </wall>
  <wall id='wall13' level='level0' wallAtEnd='wall14' xStart='397.32718' yStart='-474.95154' xEnd='313.62866' yEnd='-474.95154' height='213.36' thickness='6.35' pattern='hatchUp' leftSideColor='FFFAF0E6' rightSideColor='FFFAF0E6' rightSideShininess='0.25'/>
  <wall id='wall14' level='level0' wallAtStart='wall13' xStart='313.62866' yStart='-474.95154' xEnd='236.34723' yEnd='-474.95154' height='213.36' thickness='6.35' pattern='hatchUp' leftSideColor='FFFDFCFA' rightSideColor='FFFAF0E6' rightSideShininess='0.25'/>
  <wall id='wall15' level='level0' wallAtEnd='wall16' xStart='-5.805805' yStart='16.774841' xEnd='-5.805805' yEnd='-310.38083' height='213.36' thickness='12.7' pattern='hatchUp' rightSideColor='FFFAF0E6'/>
  <wall id='wall16' level='level0' wallAtStart='wall15' wallAtEnd='wall20' xStart='-5.805805' yStart='-310.38083' xEnd='-5.805805' yEnd='-316.04584' height='213.36' thickness='12.7' pattern='hatchUp'/>
  <wall id='wall17' level='level0' wallAtEnd='wall18' xStart='242.15866' yStart='-310.38086' xEnd='236.05682' yEnd='-310.38086' height='213.36' thickness='1.27' pattern='hatchUp' leftSideColor='FFFAF0E6'/>
  <wall id='wall18' level='level0' wallAtStart='wall17' wallAtEnd='wall19' xStart='236.05682' yStart='-310.38086' xEnd='78.83426' yEnd='-310.38083' height='213.36' thickness='1.27' pattern='hatchUp' leftSideColor='FFFAF0E6' rightSideColor='FFFDFCFA'/>
  <wall id='wall19' level='level0' wallAtStart='wall18' xStart='78.83426' yStart='-310.38083' xEnd='-0.50405884' yEnd='-310.38083' height='213.36' thickness='1.27' pattern='hatchUp' leftSideColor='FFFAF0E6'/>
  <wall id='wall20' level='level0' wallAtStart='wall16' wallAtEnd='wall21' xStart='-5.805805' yStart='-316.04584' xEnd='-5.805805' yEnd='-389.02365' height='213.36' thickness='12.7' pattern='hatchUp' rightSideColor='FFFAF0E6'/>
  <wall id='wall21' level='level0' wallAtStart='wall20' xStart='-5.805805' yStart='-389.02365' xEnd='-5.805805' yEnd='-401.69016' height='213.36' thickness='12.7' pattern='hatchUp' rightSideColor='FFFAF0E6'/>
  <wall id='wall22' level='level0' wallAtStart='wall0' wallAtEnd='wall23' xStart='-5.8058205' yStart='-713.9753' xEnd='236.34723' yEnd='-713.9753' height='213.36' thickness='12.7' pattern='hatchUp' rightSideColor='FFFAF0E6'/>
  <wall id='wall23' level='level0' wallAtStart='wall22' wallAtEnd='wall12' xStart='236.34723' yStart='-713.9753' xEnd='397.32718' yEnd='-713.9753' height='213.36' thickness='12.7' pattern='hatchUp' rightSideColor='FFFAF0E6' rightSideShininess='0.25'/>
  <wall id='wall24' level='level0' wallAtEnd='wall25' xStart='-0.11829376' yStart='8.635193' xEnd='313.62866' yEnd='8.635193' height='213.36' thickness='16.51' pattern='hatchUp' leftSideColor='FFFAF0E6'/>
  <wall id='wall25' level='level0' wallAtStart='wall24' xStart='313.62866' yStart='8.635193' xEnd='701.5567' yEnd='8.635193' height='213.36' thickness='16.51' pattern='hatchUp' leftSideColor='FFFAF0E6'/>
  <wall id='wall26' level='level0' wallAtEnd='wall27' xStart='236.34723' yStart='-713.9753' xEnd='236.34723' yEnd='-474.95154' height='213.36' thickness='8.5725' pattern='hatchUp' leftSideColor='FFFAF0E6' leftSideShininess='0.25' rightSideColor='FFFAF0E6'/>
  <wall id='wall27' level='level0' wallAtStart='wall26' xStart='236.34723' yStart='-474.95154' xEnd='236.34723' yEnd='-460.6103' height='213.36' thickness='8.5725' pattern='hatchUp' leftSideColor='FFFAF0E6' leftSideShininess='0.25' rightSideColor='FFFAF0E6'/>
  <wall id='wall28' level='level0' wallAtEnd='wall29' xStart='78.83426' yStart='-382.97174' xEnd='78.83426' yEnd='-316.04584' height='213.36' thickness='10.16' pattern='hatchUp' leftSideColor='FFFDFCFA' rightSideColor='FFFAF0E6'/>
  <wall id='wall29' level='level0' wallAtStart='wall28' xStart='78.83426' yStart='-316.04584' xEnd='78.83426' yEnd='-309.8404' height='213.36' thickness='10.16' pattern='hatchUp' leftSideColor='FFFDFCFA'/>
  <wall id='wall30' level='level0' xStart='802.1314' yStart='-646.9214' xEnd='802.1314' yEnd='-707.8814' height='213.36' thickness='14.605' pattern='hatchUp'>
    <texture attribute='leftSideTexture' name='AO_VI11_8x24_Quadrangle_Beige' width='20.32' height='6.2807274' image='133'/>
  </wall>
  <wall id='wall31' level='level4' xStart='621.36993' yStart='-408.40094' xEnd='621.36993' yEnd='-470.31345' height='175.26' thickness='1.905' pattern='hatchUp'>
    <texture attribute='leftSideTexture' name='Pine' creator='Emmanuel Puybaret' width='40.0' height='80.0' image='17'/>
    <texture attribute='rightSideTexture' name='Pine' creator='Emmanuel Puybaret' width='40.0' height='80.0' image='17'/>
  </wall>
  <room id='room-7ac0fde7-77c2-4a3a-8fb8-53481082b664' level='level0' name='Bedroom 2' areaVisible='true' areaXOffset='-2.6266174' areaYOffset='0.8755493' ceilingColor='FFFAF0E6'>
    <texture attribute='floorTexture' name='Wooden floor' creator='Scopia' catalogId='eTeksScopia#english-parquet-dark' width='120.0' height='120.0' angle='1.5707964' image='65'/>
    <point x='0.4350586' y='-707.2019'/>
    <point x='0.4350586' y='-390.97192'/>
    <point x='231.57504' y='-390.97192'/>
    <point x='231.57504' y='-707.2019'/>
    <point x='219.51004' y='-707.2019'/>
  </room>
  <room id='room-2f0818c4-d8f0-4e07-b3f1-404ea7ea5105' level='level0' name='Bathroom' areaVisible='true' ceilingColor='FFFAF0E6' ceilingShininess='0.25'>
    <texture attribute='floorTexture' name='Wooden floor' creator='Scopia' width='120.0' height='120.0' angle='1.5707964' image='65'/>
    <point x='389.88696' y='-477.92343'/>
    <point x='241.29694' y='-477.92343'/>
    <point x='241.29694' y='-707.2019'/>
    <point x='389.88696' y='-707.2019'/>
  </room>
  <room id='room-38d85c3b-e639-494b-bc34-3fdd4c0e7ec6' level='level0' name='Living room' areaVisible='true' ceilingColor='FFFAF0E6'>
    <texture attribute='floorTexture' name='Wooden floor' creator='Scopia' catalogId='eTeksScopia#english-parquet-dark' width='120.0' height='120.0' angle='1.5707964' image='65'/>
    <point x='317.88043' y='-471.38843'/>
    <point x='317.88043' y='1.0515747'/>
    <point x='700.1503' y='1.0515747'/>
    <point x='700.1503' y='-396.50055'/>
    <point x='609.39105' y='-396.50055'/>
    <point x='609.39105' y='-471.17886'/>
  </room>
  <room id='room-aaa4def9-994c-4053-a9ff-efb62d523293' level='level0' areaVisible='true' ceilingColor='FFFDFCFA'>
    <texture attribute='floorTexture' name='Wooden floor' creator='Scopia' width='120.0' height='120.0' angle='1.5707964' image='65'/>
    <point x='309.4348' y='-472.2519'/>
    <point x='309.4348' y='-315.4069'/>
    <point x='239.26733' y='-315.4069'/>
    <point x='239.26733' y='-472.2519'/>
  </room>
  <room id='room-57fb95a2-fa72-4e38-94bc-80129f7b2cdb' level='level0' name='Bedroom 1' areaVisible='true' ceilingColor='FFFAF0E6'>
    <texture attribute='floorTexture' name='Wooden floor' creator='Scopia' catalogId='eTeksScopia#english-parquet-dark' width='120.0' height='120.0' angle='1.5707964' image='65'/>
    <point x='0.4350586' y='-309.5315'/>
    <point x='0.43504333' y='0.18811035'/>
    <point x='309.4348' y='0.18811035'/>
    <point x='309.4348' y='-309.5315'/>
    <point x='237.0448' y='-309.5315'/>
  </room>
  <room id='room-2d61d8da-9dee-483e-86e8-bd663a64302b' level='level0' name='Closet' areaVisible='true' ceilingVisible='false'>
    <texture attribute='floorTexture' name='Wooden floor' creator='Scopia' width='120.0' height='120.0' angle='1.5707964' image='65'/>
    <point x='0.4350586' y='-390.97192'/>
    <point x='0.4350586' y='-321.43942'/>
    <point x='74.41257' y='-321.43942'/>
    <point x='74.41257' y='-390.97192'/>
  </room>
  <room id='room-66654209-5e08-4aad-9ed3-2e6c134541e5' level='level0' name='Closet' areaVisible='true' ceilingColor='FFFDFCFA'>
    <texture attribute='floorTexture' name='Wooden floor' creator='Scopia' catalogId='eTeksScopia#english-parquet-dark' width='120.0' height='120.0' angle='1.5707964' image='65'/>
    <point x='83.91426' y='-382.92014'/>
    <point x='83.9978' y='-309.5315'/>
    <point x='231.77057' y='-309.5315'/>
    <point x='231.77057' y='-382.92014'/>
  </room>
  <room id='room-ab5de16d-3265-4dfe-9e33-baad761e80d1' level='level0' name='Kitchen' areaVisible='true' floorShininess='0.25' ceilingColor='FFFAF0E6' ceilingShininess='0.25'>
    <texture attribute='floorTexture' name='Wooden floor' creator='Scopia' catalogId='eTeksScopia#english-parquet-dark' width='120.0' height='120.0' image='65'/>
    <point x='403.9947' y='-707.6253'/>
    <point x='404.00183' y='-471.17883'/>
    <point x='609.39105' y='-471.17883'/>
    <point x='609.39105' y='-475.78882'/>
    <point x='609.39105' y='-408.56555'/>
    <point x='621.456' y='-408.56555'/>
    <point x='700.1503' y='-408.56555'/>
    <point x='713.6632' y='-407.72266'/>
    <point x='713.6632' y='-407.72266'/>
    <point x='713.6632' y='-407.72266'/>
    <point x='794.8289' y='-407.72266'/>
    <point x='794.8289' y='-707.5639'/>
  </room>
</home>